,name,label
0,0.png,0
1,1.png,1
2,2.png,1
3,3.png,1
4,4.png,0
5,5.png,1
6,6.png,0
7,7.png,0
8,8.png,1
9,9.png,1
10,10.png,0
11,11.png,1
12,12.png,0
13,13.png,0
14,14.png,0
15,15.png,1
16,16.png,0
17,17.png,1
18,18.png,1
19,19.png,1
20,20.png,0
21,21.png,0
22,22.png,0
23,23.png,0
24,24.png,1
25,25.png,0
26,26.png,0
27,27.png,1
28,28.png,1
29,29.png,1
30,30.png,0
31,31.png,0
32,32.png,1
33,33.png,0
34,34.png,0
35,35.png,1
36,36.png,0
37,37.png,0
38,38.png,0
39,39.png,0
40,40.png,1
41,41.png,1
42,42.png,0
43,43.png,0
44,44.png,0
45,45.png,0
46,46.png,0
47,47.png,0
48,48.png,1
49,49.png,1
50,50.png,0
51,51.png,1
52,52.png,1
53,53.png,1
54,54.png,1
55,55.png,1
56,56.png,0
57,57.png,0
58,58.png,0
59,59.png,1
60,60.png,1
61,61.png,0
62,62.png,0
63,63.png,1
64,64.png,1
65,65.png,1
66,66.png,0
67,67.png,1
68,68.png,1
69,69.png,1
70,70.png,1
71,71.png,1
72,72.png,0
73,73.png,0
74,74.png,0
75,75.png,0
76,76.png,0
77,77.png,0
78,78.png,1
79,79.png,1
80,80.png,1
81,81.png,1
82,82.png,0
83,83.png,0
84,84.png,1
85,85.png,1
86,86.png,0
87,87.png,0
88,88.png,1
89,89.png,0
90,90.png,1
91,91.png,0
92,92.png,0
93,93.png,0
94,94.png,0
95,95.png,1
96,96.png,1
97,97.png,1
98,98.png,1
99,99.png,0
100,100.png,1
101,101.png,0
102,102.png,1
103,103.png,1
104,104.png,1
105,105.png,0
106,106.png,1
107,107.png,1
108,108.png,0
109,109.png,1
110,110.png,1
111,111.png,1
112,112.png,1
113,113.png,1
114,114.png,0
115,115.png,1
116,116.png,1
117,117.png,0
118,118.png,1
119,119.png,0
120,120.png,1
121,121.png,1
122,122.png,0
123,123.png,1
124,124.png,0
125,125.png,1
126,126.png,1
127,127.png,0
128,128.png,0
129,129.png,1
130,130.png,1
131,131.png,0
132,132.png,1
133,133.png,0
134,134.png,1
135,135.png,1
136,136.png,0
137,137.png,1
138,138.png,1
139,139.png,0
140,140.png,0
141,141.png,0
142,142.png,1
143,143.png,1
144,144.png,0
145,145.png,0
146,146.png,0
147,147.png,0
148,148.png,1
149,149.png,0
150,150.png,1
151,151.png,0
152,152.png,0
153,153.png,0
154,154.png,1
155,155.png,0
156,156.png,0
157,157.png,1
158,158.png,0
159,159.png,0
160,160.png,1
161,161.png,1
162,162.png,0
163,163.png,0
164,164.png,1
165,165.png,1
166,166.png,0
167,167.png,0
168,168.png,0
169,169.png,0
170,170.png,1
171,171.png,0
172,172.png,0
173,173.png,1
174,174.png,1
175,175.png,1
176,176.png,0
177,177.png,0
178,178.png,0
179,179.png,1
180,180.png,1
181,181.png,0
182,182.png,0
183,183.png,1
184,184.png,1
185,185.png,0
186,186.png,1
187,187.png,0
188,188.png,1
189,189.png,1
190,190.png,1
191,191.png,0
192,192.png,1
193,193.png,0
194,194.png,0
195,195.png,1
196,196.png,0
197,197.png,1
198,198.png,1
199,199.png,1
200,200.png,1
201,201.png,1
202,202.png,1
203,203.png,1
204,204.png,1
205,205.png,1
206,206.png,1
207,207.png,0
208,208.png,1
209,209.png,1
210,210.png,1
211,211.png,0
212,212.png,1
213,213.png,0
214,214.png,1
215,215.png,1
216,216.png,0
217,217.png,0
218,218.png,0
219,219.png,0
220,220.png,0
221,221.png,1
222,222.png,0
223,223.png,1
224,224.png,0
225,225.png,1
226,226.png,0
227,227.png,1
228,228.png,1
229,229.png,1
230,230.png,0
231,231.png,1
232,232.png,1
233,233.png,0
234,234.png,0
235,235.png,1
236,236.png,1
237,237.png,1
238,238.png,1
239,239.png,1
240,240.png,0
241,241.png,1
242,242.png,1
243,243.png,1
244,244.png,0
245,245.png,1
246,246.png,0
247,247.png,1
248,248.png,1
249,249.png,0
250,250.png,1
251,251.png,0
252,252.png,0
253,253.png,0
254,254.png,0
255,255.png,0
256,256.png,1
257,257.png,0
258,258.png,0
259,259.png,1
260,260.png,1
261,261.png,0
262,262.png,1
263,263.png,0
264,264.png,1
265,265.png,0
266,266.png,1
267,267.png,0
268,268.png,0
269,269.png,1
270,270.png,1
271,271.png,1
272,272.png,1
273,273.png,0
274,274.png,0
275,275.png,1
276,276.png,1
277,277.png,1
278,278.png,1
279,279.png,0
280,280.png,0
281,281.png,1
282,282.png,0
283,283.png,0
284,284.png,0
285,285.png,1
286,286.png,1
287,287.png,1
288,288.png,1
289,289.png,0
290,290.png,0
291,291.png,1
292,292.png,0
293,293.png,1
294,294.png,0
295,295.png,1
296,296.png,0
297,297.png,0
298,298.png,1
299,299.png,0
300,300.png,0
301,301.png,1
302,302.png,0
303,303.png,1
304,304.png,1
305,305.png,0
306,306.png,0
307,307.png,1
308,308.png,1
309,309.png,0
310,310.png,0
311,311.png,1
312,312.png,0
313,313.png,0
314,314.png,0
315,315.png,1
316,316.png,0
317,317.png,0
318,318.png,1
319,319.png,0
320,320.png,0
321,321.png,0
322,322.png,1
323,323.png,0
324,324.png,0
325,325.png,0
326,326.png,1
327,327.png,1
328,328.png,1
329,329.png,1
330,330.png,1
331,331.png,1
332,332.png,0
333,333.png,0
334,334.png,0
335,335.png,0
336,336.png,0
337,337.png,1
338,338.png,1
339,339.png,0
340,340.png,0
341,341.png,1
342,342.png,1
343,343.png,1
344,344.png,1
345,345.png,1
346,346.png,1
347,347.png,1
348,348.png,1
349,349.png,1
350,350.png,0
351,351.png,1
352,352.png,1
353,353.png,1
354,354.png,0
355,355.png,1
356,356.png,1
357,357.png,1
358,358.png,1
359,359.png,1
360,360.png,1
361,361.png,0
362,362.png,0
363,363.png,1
364,364.png,0
365,365.png,1
366,366.png,1
367,367.png,1
368,368.png,1
369,369.png,1
370,370.png,1
371,371.png,1
372,372.png,0
373,373.png,1
374,374.png,1
375,375.png,1
376,376.png,1
377,377.png,0
378,378.png,0
379,379.png,0
380,380.png,1
381,381.png,0
382,382.png,1
383,383.png,0
384,384.png,1
385,385.png,1
386,386.png,1
387,387.png,0
388,388.png,0
389,389.png,0
390,390.png,0
391,391.png,0
392,392.png,0
393,393.png,1
394,394.png,0
395,395.png,1
396,396.png,0
397,397.png,0
398,398.png,0
399,399.png,1
400,400.png,0
401,401.png,1
402,402.png,1
403,403.png,1
404,404.png,0
405,405.png,1
406,406.png,1
407,407.png,0
408,408.png,0
409,409.png,0
410,410.png,1
411,411.png,0
412,412.png,0
413,413.png,0
414,414.png,0
415,415.png,0
416,416.png,1
417,417.png,0
418,418.png,0
419,419.png,1
420,420.png,1
421,421.png,1
422,422.png,0
423,423.png,1
424,424.png,1
425,425.png,1
426,426.png,1
427,427.png,1
428,428.png,1
429,429.png,1
430,430.png,0
431,431.png,1
432,432.png,0
433,433.png,1
434,434.png,0
435,435.png,0
436,436.png,0
437,437.png,1
438,438.png,0
439,439.png,0
440,440.png,0
441,441.png,0
442,442.png,1
443,443.png,0
444,444.png,1
445,445.png,0
446,446.png,0
447,447.png,0
448,448.png,0
449,449.png,1
450,450.png,0
451,451.png,1
452,452.png,0
453,453.png,1
454,454.png,0
455,455.png,1
456,456.png,0
457,457.png,1
458,458.png,0
459,459.png,1
460,460.png,0
461,461.png,1
462,462.png,1
463,463.png,0
464,464.png,1
465,465.png,0
466,466.png,1
467,467.png,0
468,468.png,1
469,469.png,0
470,470.png,0
471,471.png,1
472,472.png,0
473,473.png,0
474,474.png,0
475,475.png,1
476,476.png,1
477,477.png,0
478,478.png,1
479,479.png,1
480,480.png,0
481,481.png,1
482,482.png,1
483,483.png,1
484,484.png,1
485,485.png,1
486,486.png,1
487,487.png,0
488,488.png,1
489,489.png,1
490,490.png,0
491,491.png,0
492,492.png,1
493,493.png,0
494,494.png,0
495,495.png,0
496,496.png,0
497,497.png,1
498,498.png,0
499,499.png,1
500,500.png,0
501,501.png,1
502,502.png,1
503,503.png,1
504,504.png,1
505,505.png,0
506,506.png,0
507,507.png,1
508,508.png,1
509,509.png,1
510,510.png,1
511,511.png,0
512,512.png,0
513,513.png,1
514,514.png,0
515,515.png,0
516,516.png,1
517,517.png,0
518,518.png,1
519,519.png,1
520,520.png,1
521,521.png,1
522,522.png,1
523,523.png,0
524,524.png,1
525,525.png,1
526,526.png,1
527,527.png,1
528,528.png,1
529,529.png,0
530,530.png,1
531,531.png,0
532,532.png,0
533,533.png,1
534,534.png,1
535,535.png,0
536,536.png,0
537,537.png,1
538,538.png,1
539,539.png,1
540,540.png,0
541,541.png,0
542,542.png,1
543,543.png,0
544,544.png,0
545,545.png,0
546,546.png,1
547,547.png,0
548,548.png,0
549,549.png,1
550,550.png,1
551,551.png,0
552,552.png,1
553,553.png,0
554,554.png,1
555,555.png,0
556,556.png,0
557,557.png,1
558,558.png,0
559,559.png,1
560,560.png,0
561,561.png,0
562,562.png,1
563,563.png,1
564,564.png,0
565,565.png,1
566,566.png,0
567,567.png,1
568,568.png,0
569,569.png,1
570,570.png,0
571,571.png,1
572,572.png,0
573,573.png,0
574,574.png,1
575,575.png,0
576,576.png,1
577,577.png,0
578,578.png,1
579,579.png,1
580,580.png,0
581,581.png,1
582,582.png,1
583,583.png,0
584,584.png,0
585,585.png,1
586,586.png,1
587,587.png,1
588,588.png,1
589,589.png,0
590,590.png,0
591,591.png,1
592,592.png,0
593,593.png,0
594,594.png,1
595,595.png,0
596,596.png,1
597,597.png,1
598,598.png,0
599,599.png,0
600,600.png,1
601,601.png,0
602,602.png,0
603,603.png,1
604,604.png,0
605,605.png,0
606,606.png,1
607,607.png,1
608,608.png,0
609,609.png,1
610,610.png,1
611,611.png,1
612,612.png,1
613,613.png,0
614,614.png,1
615,615.png,1
616,616.png,0
617,617.png,0
618,618.png,0
619,619.png,1
620,620.png,1
621,621.png,1
622,622.png,1
623,623.png,0
624,624.png,0
625,625.png,0
626,626.png,0
627,627.png,0
628,628.png,1
629,629.png,1
630,630.png,1
631,631.png,0
632,632.png,0
633,633.png,1
634,634.png,1
635,635.png,1
636,636.png,0
637,637.png,1
638,638.png,0
639,639.png,0
640,640.png,0
641,641.png,0
642,642.png,1
643,643.png,0
644,644.png,0
645,645.png,0
646,646.png,0
647,647.png,0
648,648.png,1
649,649.png,1
650,650.png,1
651,651.png,0
652,652.png,1
653,653.png,0
654,654.png,1
655,655.png,1
656,656.png,0
657,657.png,1
658,658.png,0
659,659.png,1
660,660.png,1
661,661.png,0
662,662.png,0
663,663.png,0
664,664.png,0
665,665.png,1
666,666.png,0
667,667.png,1
668,668.png,1
669,669.png,0
670,670.png,1
671,671.png,0
672,672.png,0
673,673.png,0
674,674.png,0
675,675.png,0
676,676.png,0
677,677.png,0
678,678.png,0
679,679.png,1
680,680.png,1
681,681.png,1
682,682.png,1
683,683.png,0
684,684.png,1
685,685.png,0
686,686.png,1
687,687.png,0
688,688.png,1
689,689.png,0
690,690.png,0
691,691.png,1
692,692.png,1
693,693.png,0
694,694.png,0
695,695.png,1
696,696.png,0
697,697.png,0
698,698.png,0
699,699.png,1
700,700.png,0
701,701.png,0
702,702.png,0
703,703.png,0
704,704.png,1
705,705.png,1
706,706.png,0
707,707.png,0
708,708.png,1
709,709.png,0
710,710.png,0
711,711.png,0
712,712.png,1
713,713.png,0
714,714.png,0
715,715.png,0
716,716.png,0
717,717.png,1
718,718.png,0
719,719.png,0
720,720.png,1
721,721.png,1
722,722.png,0
723,723.png,1
724,724.png,0
725,725.png,1
726,726.png,0
727,727.png,0
728,728.png,0
729,729.png,0
730,730.png,1
731,731.png,1
732,732.png,0
733,733.png,0
734,734.png,0
735,735.png,1
736,736.png,0
737,737.png,1
738,738.png,1
739,739.png,1
740,740.png,0
741,741.png,0
742,742.png,0
743,743.png,1
744,744.png,0
745,745.png,0
746,746.png,0
747,747.png,0
748,748.png,1
749,749.png,0
750,750.png,0
751,751.png,0
752,752.png,0
753,753.png,1
754,754.png,0
755,755.png,0
756,756.png,1
757,757.png,1
758,758.png,1
759,759.png,0
760,760.png,1
761,761.png,1
762,762.png,1
763,763.png,1
764,764.png,1
765,765.png,1
766,766.png,1
767,767.png,0
768,768.png,0
769,769.png,1
770,770.png,0
771,771.png,1
772,772.png,0
773,773.png,0
774,774.png,1
775,775.png,0
776,776.png,0
777,777.png,1
778,778.png,1
779,779.png,0
780,780.png,1
781,781.png,0
782,782.png,1
783,783.png,0
784,784.png,1
785,785.png,0
786,786.png,0
787,787.png,0
788,788.png,0
789,789.png,0
790,790.png,0
791,791.png,1
792,792.png,0
793,793.png,0
794,794.png,0
795,795.png,1
796,796.png,1
797,797.png,0
798,798.png,0
799,799.png,0
800,800.png,0
801,801.png,1
802,802.png,0
803,803.png,1
804,804.png,0
805,805.png,0
806,806.png,0
807,807.png,1
808,808.png,0
809,809.png,1
810,810.png,1
811,811.png,0
812,812.png,0
813,813.png,1
814,814.png,1
815,815.png,0
816,816.png,1
817,817.png,0
818,818.png,0
819,819.png,1
820,820.png,0
821,821.png,0
822,822.png,1
823,823.png,0
824,824.png,1
825,825.png,1
826,826.png,1
827,827.png,1
828,828.png,1
829,829.png,0
830,830.png,1
831,831.png,1
832,832.png,0
833,833.png,0
834,834.png,0
835,835.png,0
836,836.png,0
837,837.png,0
838,838.png,1
839,839.png,1
840,840.png,1
841,841.png,0
842,842.png,0
843,843.png,1
844,844.png,0
845,845.png,1
846,846.png,1
847,847.png,1
848,848.png,1
849,849.png,1
850,850.png,0
851,851.png,1
852,852.png,0
853,853.png,0
854,854.png,1
855,855.png,0
856,856.png,1
857,857.png,0
858,858.png,1
859,859.png,0
860,860.png,0
861,861.png,0
862,862.png,0
863,863.png,1
864,864.png,1
865,865.png,1
866,866.png,1
867,867.png,0
868,868.png,1
869,869.png,1
870,870.png,0
871,871.png,0
872,872.png,1
873,873.png,1
874,874.png,1
875,875.png,1
876,876.png,1
877,877.png,1
878,878.png,0
879,879.png,1
880,880.png,0
881,881.png,1
882,882.png,0
883,883.png,1
884,884.png,1
885,885.png,0
886,886.png,0
887,887.png,0
888,888.png,0
889,889.png,0
890,890.png,1
891,891.png,1
892,892.png,1
893,893.png,1
894,894.png,0
895,895.png,0
896,896.png,0
897,897.png,0
898,898.png,1
899,899.png,0
900,900.png,0
901,901.png,1
902,902.png,0
903,903.png,1
904,904.png,1
905,905.png,1
906,906.png,1
907,907.png,0
908,908.png,0
909,909.png,1
910,910.png,0
911,911.png,1
912,912.png,1
913,913.png,0
914,914.png,0
915,915.png,1
916,916.png,0
917,917.png,0
918,918.png,1
919,919.png,0
920,920.png,0
921,921.png,0
922,922.png,0
923,923.png,0
924,924.png,0
925,925.png,1
926,926.png,0
927,927.png,0
928,928.png,0
929,929.png,0
930,930.png,0
931,931.png,0
932,932.png,0
933,933.png,0
934,934.png,1
935,935.png,1
936,936.png,0
937,937.png,1
938,938.png,0
939,939.png,1
940,940.png,1
941,941.png,0
942,942.png,1
943,943.png,0
944,944.png,0
945,945.png,1
946,946.png,1
947,947.png,1
948,948.png,0
949,949.png,0
950,950.png,1
951,951.png,1
952,952.png,1
953,953.png,0
954,954.png,0
955,955.png,0
956,956.png,0
957,957.png,0
958,958.png,1
959,959.png,1
960,960.png,1
961,961.png,1
962,962.png,1
963,963.png,0
964,964.png,1
965,965.png,0
966,966.png,0
967,967.png,0
968,968.png,0
969,969.png,0
970,970.png,1
971,971.png,1
972,972.png,0
973,973.png,0
974,974.png,0
975,975.png,0
976,976.png,0
977,977.png,0
978,978.png,0
979,979.png,0
980,980.png,1
981,981.png,1
982,982.png,0
983,983.png,1
984,984.png,0
985,985.png,0
986,986.png,1
987,987.png,0
988,988.png,0
989,989.png,0
990,990.png,0
991,991.png,1
992,992.png,1
993,993.png,1
994,994.png,0
995,995.png,1
996,996.png,1
997,997.png,0
998,998.png,0
999,999.png,0
1000,1000.png,0
1001,1001.png,1
1002,1002.png,1
1003,1003.png,0
1004,1004.png,1
1005,1005.png,0
1006,1006.png,0
1007,1007.png,0
1008,1008.png,1
1009,1009.png,0
1010,1010.png,1
1011,1011.png,1
1012,1012.png,1
1013,1013.png,1
1014,1014.png,1
1015,1015.png,1
1016,1016.png,0
1017,1017.png,1
1018,1018.png,0
1019,1019.png,0
1020,1020.png,1
1021,1021.png,0
1022,1022.png,1
1023,1023.png,1
1024,1024.png,1
1025,1025.png,1
1026,1026.png,1
1027,1027.png,1
1028,1028.png,0
1029,1029.png,0
1030,1030.png,1
1031,1031.png,1
1032,1032.png,1
1033,1033.png,1
1034,1034.png,0
1035,1035.png,0
1036,1036.png,0
1037,1037.png,1
1038,1038.png,1
1039,1039.png,0
1040,1040.png,1
1041,1041.png,1
1042,1042.png,0
1043,1043.png,1
1044,1044.png,1
1045,1045.png,1
1046,1046.png,0
1047,1047.png,0
1048,1048.png,0
1049,1049.png,0
1050,1050.png,1
1051,1051.png,0
1052,1052.png,1
1053,1053.png,1
1054,1054.png,1
1055,1055.png,1
1056,1056.png,1
1057,1057.png,1
1058,1058.png,0
1059,1059.png,1
1060,1060.png,1
1061,1061.png,0
1062,1062.png,0
1063,1063.png,0
1064,1064.png,1
1065,1065.png,0
1066,1066.png,0
1067,1067.png,1
1068,1068.png,1
1069,1069.png,0
1070,1070.png,0
1071,1071.png,1
1072,1072.png,1
1073,1073.png,1
1074,1074.png,1
1075,1075.png,1
1076,1076.png,1
1077,1077.png,1
1078,1078.png,1
1079,1079.png,1
1080,1080.png,1
1081,1081.png,1
1082,1082.png,1
1083,1083.png,0
1084,1084.png,1
1085,1085.png,0
1086,1086.png,0
1087,1087.png,1
1088,1088.png,1
1089,1089.png,0
1090,1090.png,0
1091,1091.png,0
1092,1092.png,0
1093,1093.png,1
1094,1094.png,0
1095,1095.png,1
1096,1096.png,0
1097,1097.png,0
1098,1098.png,0
1099,1099.png,1
1100,1100.png,0
1101,1101.png,0
1102,1102.png,1
1103,1103.png,1
1104,1104.png,0
1105,1105.png,1
1106,1106.png,0
1107,1107.png,0
1108,1108.png,0
1109,1109.png,0
1110,1110.png,0
1111,1111.png,1
1112,1112.png,0
1113,1113.png,1
1114,1114.png,1
1115,1115.png,0
1116,1116.png,0
1117,1117.png,0
1118,1118.png,1
1119,1119.png,1
1120,1120.png,1
1121,1121.png,1
1122,1122.png,0
1123,1123.png,1
1124,1124.png,1
1125,1125.png,0
1126,1126.png,1
1127,1127.png,1
1128,1128.png,0
1129,1129.png,1
1130,1130.png,1
1131,1131.png,1
1132,1132.png,1
1133,1133.png,1
1134,1134.png,0
1135,1135.png,0
1136,1136.png,1
1137,1137.png,1
1138,1138.png,1
1139,1139.png,0
1140,1140.png,0
1141,1141.png,0
1142,1142.png,1
1143,1143.png,0
1144,1144.png,1
1145,1145.png,1
1146,1146.png,0
1147,1147.png,0
1148,1148.png,0
1149,1149.png,0
1150,1150.png,1
1151,1151.png,1
1152,1152.png,0
1153,1153.png,1
1154,1154.png,0
1155,1155.png,0
1156,1156.png,0
1157,1157.png,1
1158,1158.png,1
1159,1159.png,0
1160,1160.png,1
1161,1161.png,0
1162,1162.png,0
1163,1163.png,0
1164,1164.png,0
1165,1165.png,0
1166,1166.png,1
1167,1167.png,0
1168,1168.png,0
1169,1169.png,1
1170,1170.png,1
1171,1171.png,1
1172,1172.png,0
1173,1173.png,1
1174,1174.png,0
1175,1175.png,0
1176,1176.png,1
1177,1177.png,0
1178,1178.png,1
1179,1179.png,1
1180,1180.png,0
1181,1181.png,1
1182,1182.png,0
1183,1183.png,0
1184,1184.png,1
1185,1185.png,0
1186,1186.png,0
1187,1187.png,1
1188,1188.png,0
1189,1189.png,1
1190,1190.png,0
1191,1191.png,1
1192,1192.png,1
1193,1193.png,1
1194,1194.png,0
1195,1195.png,1
1196,1196.png,1
1197,1197.png,1
1198,1198.png,1
1199,1199.png,1
1200,1200.png,0
1201,1201.png,0
1202,1202.png,0
1203,1203.png,0
1204,1204.png,1
1205,1205.png,0
1206,1206.png,0
1207,1207.png,1
1208,1208.png,0
1209,1209.png,0
1210,1210.png,1
1211,1211.png,0
1212,1212.png,0
1213,1213.png,0
1214,1214.png,0
1215,1215.png,1
1216,1216.png,0
1217,1217.png,1
1218,1218.png,1
1219,1219.png,0
1220,1220.png,0
1221,1221.png,1
1222,1222.png,0
1223,1223.png,1
1224,1224.png,0
1225,1225.png,0
1226,1226.png,1
1227,1227.png,0
1228,1228.png,0
1229,1229.png,1
1230,1230.png,0
1231,1231.png,0
1232,1232.png,0
1233,1233.png,1
1234,1234.png,1
1235,1235.png,1
1236,1236.png,0
1237,1237.png,1
1238,1238.png,1
1239,1239.png,1
1240,1240.png,0
1241,1241.png,0
1242,1242.png,0
1243,1243.png,0
1244,1244.png,1
1245,1245.png,0
1246,1246.png,1
1247,1247.png,1
1248,1248.png,1
1249,1249.png,0
1250,1250.png,1
1251,1251.png,1
1252,1252.png,1
1253,1253.png,0
1254,1254.png,1
1255,1255.png,1
1256,1256.png,0
1257,1257.png,0
1258,1258.png,0
1259,1259.png,0
1260,1260.png,0
1261,1261.png,1
1262,1262.png,1
1263,1263.png,1
1264,1264.png,0
1265,1265.png,0
1266,1266.png,1
1267,1267.png,0
1268,1268.png,1
1269,1269.png,1
1270,1270.png,1
1271,1271.png,0
1272,1272.png,0
1273,1273.png,1
1274,1274.png,0
1275,1275.png,1
1276,1276.png,1
1277,1277.png,0
1278,1278.png,1
1279,1279.png,1
1280,1280.png,0
1281,1281.png,1
1282,1282.png,1
1283,1283.png,1
1284,1284.png,1
1285,1285.png,0
1286,1286.png,0
1287,1287.png,1
1288,1288.png,0
1289,1289.png,1
1290,1290.png,1
1291,1291.png,0
1292,1292.png,1
1293,1293.png,1
1294,1294.png,0
1295,1295.png,1
1296,1296.png,0
1297,1297.png,1
1298,1298.png,1
1299,1299.png,1
1300,1300.png,0
1301,1301.png,1
1302,1302.png,1
1303,1303.png,1
1304,1304.png,0
1305,1305.png,0
1306,1306.png,0
1307,1307.png,1
1308,1308.png,0
1309,1309.png,0
1310,1310.png,0
1311,1311.png,1
1312,1312.png,0
1313,1313.png,1
1314,1314.png,1
1315,1315.png,0
1316,1316.png,0
1317,1317.png,1
1318,1318.png,0
1319,1319.png,0
1320,1320.png,1
1321,1321.png,0
1322,1322.png,0
1323,1323.png,0
1324,1324.png,1
1325,1325.png,1
1326,1326.png,1
1327,1327.png,0
1328,1328.png,1
1329,1329.png,1
1330,1330.png,1
1331,1331.png,1
1332,1332.png,1
1333,1333.png,1
1334,1334.png,0
1335,1335.png,1
1336,1336.png,0
1337,1337.png,1
1338,1338.png,1
1339,1339.png,0
1340,1340.png,0
1341,1341.png,0
1342,1342.png,0
1343,1343.png,0
1344,1344.png,0
1345,1345.png,0
1346,1346.png,1
1347,1347.png,1
1348,1348.png,0
1349,1349.png,0
1350,1350.png,1
1351,1351.png,0
1352,1352.png,0
1353,1353.png,0
1354,1354.png,0
1355,1355.png,1
1356,1356.png,1
1357,1357.png,0
1358,1358.png,0
1359,1359.png,0
1360,1360.png,0
1361,1361.png,0
1362,1362.png,0
1363,1363.png,0
1364,1364.png,1
1365,1365.png,1
1366,1366.png,1
1367,1367.png,0
1368,1368.png,1
1369,1369.png,1
1370,1370.png,0
1371,1371.png,1
1372,1372.png,1
1373,1373.png,1
1374,1374.png,0
1375,1375.png,1
1376,1376.png,1
1377,1377.png,1
1378,1378.png,1
1379,1379.png,0
1380,1380.png,0
1381,1381.png,0
1382,1382.png,1
1383,1383.png,0
1384,1384.png,1
1385,1385.png,0
1386,1386.png,0
1387,1387.png,1
1388,1388.png,1
1389,1389.png,0
1390,1390.png,0
1391,1391.png,1
1392,1392.png,0
1393,1393.png,1
1394,1394.png,1
1395,1395.png,0
1396,1396.png,1
1397,1397.png,1
1398,1398.png,0
1399,1399.png,1
1400,1400.png,1
1401,1401.png,1
1402,1402.png,1
1403,1403.png,1
1404,1404.png,0
1405,1405.png,1
1406,1406.png,0
1407,1407.png,0
1408,1408.png,0
1409,1409.png,1
1410,1410.png,0
1411,1411.png,0
1412,1412.png,0
1413,1413.png,0
1414,1414.png,0
1415,1415.png,1
1416,1416.png,0
1417,1417.png,0
1418,1418.png,1
1419,1419.png,1
1420,1420.png,1
1421,1421.png,0
1422,1422.png,0
1423,1423.png,1
1424,1424.png,0
1425,1425.png,1
1426,1426.png,1
1427,1427.png,0
1428,1428.png,0
1429,1429.png,0
1430,1430.png,1
1431,1431.png,0
1432,1432.png,1
1433,1433.png,0
1434,1434.png,0
1435,1435.png,0
1436,1436.png,1
1437,1437.png,0
1438,1438.png,1
1439,1439.png,1
1440,1440.png,0
1441,1441.png,1
1442,1442.png,1
1443,1443.png,0
1444,1444.png,0
1445,1445.png,0
1446,1446.png,1
1447,1447.png,1
1448,1448.png,1
1449,1449.png,1
1450,1450.png,1
1451,1451.png,0
1452,1452.png,1
1453,1453.png,1
1454,1454.png,1
1455,1455.png,1
1456,1456.png,0
1457,1457.png,1
1458,1458.png,1
1459,1459.png,1
1460,1460.png,1
1461,1461.png,0
1462,1462.png,0
1463,1463.png,0
1464,1464.png,0
1465,1465.png,0
1466,1466.png,1
1467,1467.png,1
1468,1468.png,1
1469,1469.png,1
1470,1470.png,0
1471,1471.png,1
1472,1472.png,0
1473,1473.png,1
1474,1474.png,1
1475,1475.png,1
1476,1476.png,1
1477,1477.png,1
1478,1478.png,0
1479,1479.png,1
1480,1480.png,1
1481,1481.png,1
1482,1482.png,1
1483,1483.png,1
1484,1484.png,1
1485,1485.png,0
1486,1486.png,0
1487,1487.png,0
1488,1488.png,1
1489,1489.png,1
1490,1490.png,1
1491,1491.png,0
1492,1492.png,1
1493,1493.png,1
1494,1494.png,1
1495,1495.png,0
1496,1496.png,0
1497,1497.png,1
1498,1498.png,0
1499,1499.png,0
1500,1500.png,0
1501,1501.png,0
1502,1502.png,1
1503,1503.png,1
1504,1504.png,1
1505,1505.png,1
1506,1506.png,1
1507,1507.png,0
1508,1508.png,0
1509,1509.png,1
1510,1510.png,1
1511,1511.png,1
1512,1512.png,1
1513,1513.png,0
1514,1514.png,1
1515,1515.png,1
1516,1516.png,0
1517,1517.png,0
1518,1518.png,0
1519,1519.png,0
1520,1520.png,1
1521,1521.png,0
1522,1522.png,1
1523,1523.png,0
1524,1524.png,1
1525,1525.png,1
1526,1526.png,1
1527,1527.png,1
1528,1528.png,1
1529,1529.png,1
1530,1530.png,1
1531,1531.png,1
1532,1532.png,1
1533,1533.png,0
1534,1534.png,0
1535,1535.png,0
1536,1536.png,1
1537,1537.png,0
1538,1538.png,1
1539,1539.png,0
1540,1540.png,1
1541,1541.png,0
1542,1542.png,0
1543,1543.png,0
1544,1544.png,1
1545,1545.png,1
1546,1546.png,1
1547,1547.png,0
1548,1548.png,1
1549,1549.png,1
1550,1550.png,1
1551,1551.png,1
1552,1552.png,1
1553,1553.png,0
1554,1554.png,0
1555,1555.png,0
1556,1556.png,0
1557,1557.png,0
1558,1558.png,1
1559,1559.png,0
1560,1560.png,0
1561,1561.png,1
1562,1562.png,0
1563,1563.png,1
1564,1564.png,1
1565,1565.png,0
1566,1566.png,0
1567,1567.png,1
1568,1568.png,1
1569,1569.png,0
1570,1570.png,0
1571,1571.png,0
1572,1572.png,0
1573,1573.png,0
1574,1574.png,0
1575,1575.png,0
1576,1576.png,0
1577,1577.png,1
1578,1578.png,1
1579,1579.png,0
1580,1580.png,0
1581,1581.png,1
1582,1582.png,1
1583,1583.png,1
1584,1584.png,1
1585,1585.png,0
1586,1586.png,1
1587,1587.png,0
1588,1588.png,1
1589,1589.png,1
1590,1590.png,1
1591,1591.png,0
1592,1592.png,1
1593,1593.png,0
1594,1594.png,1
1595,1595.png,0
1596,1596.png,1
1597,1597.png,0
1598,1598.png,0
1599,1599.png,0
1600,1600.png,0
1601,1601.png,1
1602,1602.png,0
1603,1603.png,1
1604,1604.png,0
1605,1605.png,0
1606,1606.png,1
1607,1607.png,0
1608,1608.png,0
1609,1609.png,1
1610,1610.png,1
1611,1611.png,0
1612,1612.png,0
1613,1613.png,0
1614,1614.png,0
1615,1615.png,0
1616,1616.png,1
1617,1617.png,0
1618,1618.png,1
1619,1619.png,0
1620,1620.png,1
1621,1621.png,0
1622,1622.png,0
1623,1623.png,0
1624,1624.png,1
1625,1625.png,0
1626,1626.png,0
1627,1627.png,1
1628,1628.png,1
1629,1629.png,0
1630,1630.png,0
1631,1631.png,0
1632,1632.png,1
1633,1633.png,0
1634,1634.png,1
1635,1635.png,0
1636,1636.png,0
1637,1637.png,1
1638,1638.png,1
1639,1639.png,0
1640,1640.png,0
1641,1641.png,1
1642,1642.png,0
1643,1643.png,1
1644,1644.png,0
1645,1645.png,1
1646,1646.png,0
1647,1647.png,0
1648,1648.png,0
1649,1649.png,1
1650,1650.png,0
1651,1651.png,1
1652,1652.png,1
1653,1653.png,1
1654,1654.png,1
1655,1655.png,0
1656,1656.png,1
1657,1657.png,1
1658,1658.png,0
1659,1659.png,1
1660,1660.png,1
1661,1661.png,1
1662,1662.png,1
1663,1663.png,0
1664,1664.png,1
1665,1665.png,1
1666,1666.png,1
1667,1667.png,0
1668,1668.png,1
1669,1669.png,0
1670,1670.png,0
1671,1671.png,0
1672,1672.png,0
1673,1673.png,0
1674,1674.png,1
1675,1675.png,0
1676,1676.png,1
1677,1677.png,0
1678,1678.png,1
1679,1679.png,1
1680,1680.png,1
1681,1681.png,1
1682,1682.png,1
1683,1683.png,1
1684,1684.png,1
1685,1685.png,0
1686,1686.png,0
1687,1687.png,0
1688,1688.png,0
1689,1689.png,0
1690,1690.png,1
1691,1691.png,0
1692,1692.png,1
1693,1693.png,0
1694,1694.png,1
1695,1695.png,0
1696,1696.png,1
1697,1697.png,0
1698,1698.png,1
1699,1699.png,0
1700,1700.png,1
1701,1701.png,0
1702,1702.png,0
1703,1703.png,1
1704,1704.png,0
1705,1705.png,1
1706,1706.png,0
1707,1707.png,1
1708,1708.png,1
1709,1709.png,1
1710,1710.png,0
1711,1711.png,0
1712,1712.png,0
1713,1713.png,0
1714,1714.png,0
1715,1715.png,1
1716,1716.png,1
1717,1717.png,1
1718,1718.png,1
1719,1719.png,0
1720,1720.png,0
1721,1721.png,0
1722,1722.png,0
1723,1723.png,1
1724,1724.png,1
1725,1725.png,1
1726,1726.png,1
1727,1727.png,0
1728,1728.png,1
1729,1729.png,1
1730,1730.png,0
1731,1731.png,1
1732,1732.png,0
1733,1733.png,0
1734,1734.png,0
1735,1735.png,1
1736,1736.png,0
1737,1737.png,0
1738,1738.png,1
1739,1739.png,1
1740,1740.png,1
1741,1741.png,0
1742,1742.png,0
1743,1743.png,0
1744,1744.png,1
1745,1745.png,1
1746,1746.png,0
1747,1747.png,0
1748,1748.png,1
1749,1749.png,1
1750,1750.png,1
1751,1751.png,0
1752,1752.png,0
1753,1753.png,0
1754,1754.png,0
1755,1755.png,1
1756,1756.png,0
1757,1757.png,0
1758,1758.png,1
1759,1759.png,1
1760,1760.png,0
1761,1761.png,0
1762,1762.png,0
1763,1763.png,0
1764,1764.png,1
1765,1765.png,0
1766,1766.png,0
1767,1767.png,1
1768,1768.png,0
1769,1769.png,1
1770,1770.png,0
1771,1771.png,0
1772,1772.png,0
1773,1773.png,0
1774,1774.png,0
1775,1775.png,0
1776,1776.png,0
1777,1777.png,0
1778,1778.png,1
1779,1779.png,1
1780,1780.png,1
1781,1781.png,1
1782,1782.png,0
1783,1783.png,0
1784,1784.png,0
1785,1785.png,0
1786,1786.png,0
1787,1787.png,0
1788,1788.png,0
1789,1789.png,0
1790,1790.png,0
1791,1791.png,1
1792,1792.png,1
1793,1793.png,1
1794,1794.png,0
1795,1795.png,0
1796,1796.png,1
1797,1797.png,1
1798,1798.png,0
1799,1799.png,1
1800,1800.png,1
1801,1801.png,1
1802,1802.png,0
1803,1803.png,1
1804,1804.png,1
1805,1805.png,0
1806,1806.png,0
1807,1807.png,1
1808,1808.png,1
1809,1809.png,0
1810,1810.png,1
1811,1811.png,1
1812,1812.png,0
1813,1813.png,1
1814,1814.png,1
1815,1815.png,1
1816,1816.png,1
1817,1817.png,0
1818,1818.png,0
1819,1819.png,0
1820,1820.png,0
1821,1821.png,1
1822,1822.png,1
1823,1823.png,0
1824,1824.png,0
1825,1825.png,1
1826,1826.png,0
1827,1827.png,1
1828,1828.png,1
1829,1829.png,1
1830,1830.png,0
1831,1831.png,1
1832,1832.png,0
1833,1833.png,0
1834,1834.png,1
1835,1835.png,1
1836,1836.png,0
1837,1837.png,1
1838,1838.png,0
1839,1839.png,0
1840,1840.png,0
1841,1841.png,0
1842,1842.png,1
1843,1843.png,0
1844,1844.png,1
1845,1845.png,1
1846,1846.png,0
1847,1847.png,0
1848,1848.png,1
1849,1849.png,1
1850,1850.png,0
1851,1851.png,1
1852,1852.png,1
1853,1853.png,0
1854,1854.png,0
1855,1855.png,1
1856,1856.png,1
1857,1857.png,0
1858,1858.png,0
1859,1859.png,1
1860,1860.png,1
1861,1861.png,1
1862,1862.png,0
1863,1863.png,0
1864,1864.png,1
1865,1865.png,1
1866,1866.png,1
1867,1867.png,0
1868,1868.png,1
1869,1869.png,0
1870,1870.png,1
1871,1871.png,0
1872,1872.png,1
1873,1873.png,0
1874,1874.png,1
1875,1875.png,1
1876,1876.png,0
1877,1877.png,0
1878,1878.png,1
1879,1879.png,0
1880,1880.png,0
1881,1881.png,1
1882,1882.png,1
1883,1883.png,0
1884,1884.png,0
1885,1885.png,1
1886,1886.png,1
1887,1887.png,0
1888,1888.png,1
1889,1889.png,0
1890,1890.png,1
1891,1891.png,1
1892,1892.png,0
1893,1893.png,1
1894,1894.png,0
1895,1895.png,0
1896,1896.png,1
1897,1897.png,1
1898,1898.png,0
1899,1899.png,0
1900,1900.png,1
1901,1901.png,0
1902,1902.png,1
1903,1903.png,0
1904,1904.png,1
1905,1905.png,1
1906,1906.png,0
1907,1907.png,1
1908,1908.png,0
1909,1909.png,0
1910,1910.png,1
1911,1911.png,1
1912,1912.png,0
1913,1913.png,0
1914,1914.png,1
1915,1915.png,1
1916,1916.png,0
1917,1917.png,1
1918,1918.png,0
1919,1919.png,0
1920,1920.png,1
1921,1921.png,0
1922,1922.png,0
1923,1923.png,0
1924,1924.png,0
1925,1925.png,0
1926,1926.png,0
1927,1927.png,0
1928,1928.png,1
1929,1929.png,0
1930,1930.png,0
1931,1931.png,0
1932,1932.png,1
1933,1933.png,1
1934,1934.png,1
1935,1935.png,0
1936,1936.png,1
1937,1937.png,0
1938,1938.png,0
1939,1939.png,1
1940,1940.png,0
1941,1941.png,0
1942,1942.png,1
1943,1943.png,0
1944,1944.png,1
1945,1945.png,1
1946,1946.png,1
1947,1947.png,1
1948,1948.png,0
1949,1949.png,0
1950,1950.png,0
1951,1951.png,1
1952,1952.png,1
1953,1953.png,1
1954,1954.png,1
1955,1955.png,0
1956,1956.png,0
1957,1957.png,1
1958,1958.png,1
1959,1959.png,1
1960,1960.png,0
1961,1961.png,1
1962,1962.png,0
1963,1963.png,0
1964,1964.png,0
1965,1965.png,0
1966,1966.png,1
1967,1967.png,0
1968,1968.png,0
1969,1969.png,1
1970,1970.png,0
1971,1971.png,0
1972,1972.png,0
1973,1973.png,1
1974,1974.png,1
1975,1975.png,0
1976,1976.png,0
1977,1977.png,1
1978,1978.png,1
1979,1979.png,0
1980,1980.png,1
1981,1981.png,0
1982,1982.png,1
1983,1983.png,0
1984,1984.png,1
1985,1985.png,1
1986,1986.png,0
1987,1987.png,0
1988,1988.png,0
1989,1989.png,1
1990,1990.png,1
1991,1991.png,1
1992,1992.png,1
1993,1993.png,0
1994,1994.png,1
1995,1995.png,1
1996,1996.png,1
1997,1997.png,1
1998,1998.png,0
1999,1999.png,1
2000,2000.png,0
2001,2001.png,0
2002,2002.png,1
2003,2003.png,1
2004,2004.png,1
2005,2005.png,0
2006,2006.png,1
2007,2007.png,1
2008,2008.png,0
2009,2009.png,1
2010,2010.png,0
2011,2011.png,0
2012,2012.png,1
2013,2013.png,0
2014,2014.png,0
2015,2015.png,0
2016,2016.png,0
2017,2017.png,1
2018,2018.png,0
2019,2019.png,1
2020,2020.png,0
2021,2021.png,0
2022,2022.png,0
2023,2023.png,0
2024,2024.png,0
2025,2025.png,0
2026,2026.png,1
2027,2027.png,0
2028,2028.png,0
2029,2029.png,0
2030,2030.png,0
2031,2031.png,1
2032,2032.png,1
2033,2033.png,0
2034,2034.png,1
2035,2035.png,0
2036,2036.png,0
2037,2037.png,0
2038,2038.png,1
2039,2039.png,1
2040,2040.png,1
2041,2041.png,1
2042,2042.png,0
2043,2043.png,1
2044,2044.png,1
2045,2045.png,1
2046,2046.png,1
2047,2047.png,1
2048,2048.png,0
2049,2049.png,0
2050,2050.png,1
2051,2051.png,0
2052,2052.png,1
2053,2053.png,0
2054,2054.png,0
2055,2055.png,0
2056,2056.png,0
2057,2057.png,0
2058,2058.png,1
2059,2059.png,1
2060,2060.png,1
2061,2061.png,0
2062,2062.png,0
2063,2063.png,1
2064,2064.png,0
2065,2065.png,0
2066,2066.png,1
2067,2067.png,0
2068,2068.png,0
2069,2069.png,0
2070,2070.png,0
2071,2071.png,1
2072,2072.png,1
2073,2073.png,1
2074,2074.png,1
2075,2075.png,1
2076,2076.png,1
2077,2077.png,1
2078,2078.png,0
2079,2079.png,1
2080,2080.png,1
2081,2081.png,0
2082,2082.png,1
2083,2083.png,1
2084,2084.png,0
2085,2085.png,0
2086,2086.png,1
2087,2087.png,0
2088,2088.png,1
2089,2089.png,0
2090,2090.png,1
2091,2091.png,0
2092,2092.png,0
2093,2093.png,0
2094,2094.png,0
2095,2095.png,0
2096,2096.png,0
2097,2097.png,1
2098,2098.png,0
2099,2099.png,0
2100,2100.png,0
2101,2101.png,1
2102,2102.png,1
2103,2103.png,0
2104,2104.png,1
2105,2105.png,0
2106,2106.png,1
2107,2107.png,0
2108,2108.png,1
2109,2109.png,1
2110,2110.png,1
2111,2111.png,0
2112,2112.png,0
2113,2113.png,1
2114,2114.png,0
2115,2115.png,1
2116,2116.png,0
2117,2117.png,1
2118,2118.png,1
2119,2119.png,1
2120,2120.png,0
2121,2121.png,1
2122,2122.png,0
2123,2123.png,0
2124,2124.png,1
2125,2125.png,0
2126,2126.png,1
2127,2127.png,0
2128,2128.png,1
2129,2129.png,1
2130,2130.png,0
2131,2131.png,0
2132,2132.png,0
2133,2133.png,1
2134,2134.png,0
2135,2135.png,1
2136,2136.png,1
2137,2137.png,1
2138,2138.png,1
2139,2139.png,0
2140,2140.png,0
2141,2141.png,1
2142,2142.png,1
2143,2143.png,1
2144,2144.png,1
2145,2145.png,1
2146,2146.png,0
2147,2147.png,0
2148,2148.png,0
2149,2149.png,1
2150,2150.png,1
2151,2151.png,0
2152,2152.png,1
2153,2153.png,1
2154,2154.png,0
2155,2155.png,0
2156,2156.png,0
2157,2157.png,0
2158,2158.png,0
2159,2159.png,0
2160,2160.png,1
2161,2161.png,1
2162,2162.png,0
2163,2163.png,0
2164,2164.png,0
2165,2165.png,0
2166,2166.png,1
2167,2167.png,0
2168,2168.png,1
2169,2169.png,1
2170,2170.png,1
2171,2171.png,1
2172,2172.png,0
2173,2173.png,1
2174,2174.png,0
2175,2175.png,1
2176,2176.png,1
2177,2177.png,0
2178,2178.png,1
2179,2179.png,0
2180,2180.png,1
2181,2181.png,0
2182,2182.png,0
2183,2183.png,1
2184,2184.png,0
2185,2185.png,1
2186,2186.png,0
2187,2187.png,1
2188,2188.png,0
2189,2189.png,1
2190,2190.png,1
2191,2191.png,1
2192,2192.png,1
2193,2193.png,0
2194,2194.png,1
2195,2195.png,0
2196,2196.png,1
2197,2197.png,0
2198,2198.png,0
2199,2199.png,1
2200,2200.png,0
2201,2201.png,0
2202,2202.png,1
2203,2203.png,0
2204,2204.png,1
2205,2205.png,1
2206,2206.png,0
2207,2207.png,0
2208,2208.png,0
2209,2209.png,1
2210,2210.png,1
2211,2211.png,0
2212,2212.png,1
2213,2213.png,0
2214,2214.png,0
2215,2215.png,1
2216,2216.png,0
2217,2217.png,0
2218,2218.png,0
2219,2219.png,0
2220,2220.png,0
2221,2221.png,1
2222,2222.png,0
2223,2223.png,1
2224,2224.png,1
2225,2225.png,1
2226,2226.png,1
2227,2227.png,0
2228,2228.png,1
2229,2229.png,0
2230,2230.png,0
2231,2231.png,1
2232,2232.png,0
2233,2233.png,0
2234,2234.png,0
2235,2235.png,1
2236,2236.png,0
2237,2237.png,1
2238,2238.png,1
2239,2239.png,0
2240,2240.png,1
2241,2241.png,0
2242,2242.png,0
2243,2243.png,0
2244,2244.png,1
2245,2245.png,0
2246,2246.png,1
2247,2247.png,0
2248,2248.png,1
2249,2249.png,1
2250,2250.png,0
2251,2251.png,0
2252,2252.png,1
2253,2253.png,1
2254,2254.png,1
2255,2255.png,1
2256,2256.png,0
2257,2257.png,1
2258,2258.png,0
2259,2259.png,1
2260,2260.png,0
2261,2261.png,0
2262,2262.png,0
2263,2263.png,0
2264,2264.png,0
2265,2265.png,1
2266,2266.png,0
2267,2267.png,1
2268,2268.png,0
2269,2269.png,1
2270,2270.png,1
2271,2271.png,1
2272,2272.png,0
2273,2273.png,0
2274,2274.png,1
2275,2275.png,1
2276,2276.png,1
2277,2277.png,0
2278,2278.png,1
2279,2279.png,1
2280,2280.png,1
2281,2281.png,1
2282,2282.png,1
2283,2283.png,1
2284,2284.png,1
2285,2285.png,0
2286,2286.png,1
2287,2287.png,1
2288,2288.png,0
2289,2289.png,0
2290,2290.png,1
2291,2291.png,1
2292,2292.png,1
2293,2293.png,0
2294,2294.png,1
2295,2295.png,1
2296,2296.png,0
2297,2297.png,0
2298,2298.png,0
2299,2299.png,0
2300,2300.png,0
2301,2301.png,1
2302,2302.png,1
2303,2303.png,0
2304,2304.png,0
2305,2305.png,0
2306,2306.png,0
2307,2307.png,0
2308,2308.png,1
2309,2309.png,0
2310,2310.png,1
2311,2311.png,0
2312,2312.png,0
2313,2313.png,1
2314,2314.png,0
2315,2315.png,1
2316,2316.png,0
2317,2317.png,0
2318,2318.png,1
2319,2319.png,1
2320,2320.png,0
2321,2321.png,0
2322,2322.png,0
2323,2323.png,1
2324,2324.png,0
2325,2325.png,0
2326,2326.png,1
2327,2327.png,0
2328,2328.png,0
2329,2329.png,0
2330,2330.png,0
2331,2331.png,0
2332,2332.png,1
2333,2333.png,0
2334,2334.png,1
2335,2335.png,0
2336,2336.png,0
2337,2337.png,1
2338,2338.png,0
2339,2339.png,1
2340,2340.png,1
2341,2341.png,1
2342,2342.png,0
2343,2343.png,0
2344,2344.png,1
2345,2345.png,1
2346,2346.png,0
2347,2347.png,1
2348,2348.png,1
2349,2349.png,1
2350,2350.png,0
2351,2351.png,1
2352,2352.png,1
2353,2353.png,0
2354,2354.png,1
2355,2355.png,1
2356,2356.png,0
2357,2357.png,1
2358,2358.png,1
2359,2359.png,1
2360,2360.png,1
2361,2361.png,1
2362,2362.png,1
2363,2363.png,0
2364,2364.png,1
2365,2365.png,0
2366,2366.png,1
2367,2367.png,1
2368,2368.png,1
2369,2369.png,1
2370,2370.png,0
2371,2371.png,0
2372,2372.png,1
2373,2373.png,0
2374,2374.png,1
2375,2375.png,0
2376,2376.png,1
2377,2377.png,1
2378,2378.png,0
2379,2379.png,0
2380,2380.png,1
2381,2381.png,1
2382,2382.png,1
2383,2383.png,1
2384,2384.png,1
2385,2385.png,0
2386,2386.png,0
2387,2387.png,0
2388,2388.png,1
2389,2389.png,0
2390,2390.png,1
2391,2391.png,1
2392,2392.png,0
2393,2393.png,1
2394,2394.png,0
2395,2395.png,1
2396,2396.png,1
2397,2397.png,0
2398,2398.png,0
2399,2399.png,0
2400,2400.png,0
2401,2401.png,0
2402,2402.png,0
2403,2403.png,0
2404,2404.png,0
2405,2405.png,0
2406,2406.png,0
2407,2407.png,1
2408,2408.png,1
2409,2409.png,0
2410,2410.png,1
2411,2411.png,0
2412,2412.png,0
2413,2413.png,1
2414,2414.png,1
2415,2415.png,0
2416,2416.png,0
2417,2417.png,0
2418,2418.png,1
2419,2419.png,1
2420,2420.png,1
2421,2421.png,1
2422,2422.png,0
2423,2423.png,0
2424,2424.png,0
2425,2425.png,1
2426,2426.png,0
2427,2427.png,0
2428,2428.png,0
2429,2429.png,0
2430,2430.png,1
2431,2431.png,0
2432,2432.png,1
2433,2433.png,0
2434,2434.png,0
2435,2435.png,0
2436,2436.png,1
2437,2437.png,0
2438,2438.png,1
2439,2439.png,1
2440,2440.png,0
2441,2441.png,0
2442,2442.png,1
2443,2443.png,1
2444,2444.png,0
2445,2445.png,1
2446,2446.png,0
2447,2447.png,0
2448,2448.png,1
2449,2449.png,1
2450,2450.png,0
2451,2451.png,1
2452,2452.png,0
2453,2453.png,0
2454,2454.png,0
2455,2455.png,1
2456,2456.png,1
2457,2457.png,0
2458,2458.png,1
2459,2459.png,1
2460,2460.png,0
2461,2461.png,0
2462,2462.png,1
2463,2463.png,0
2464,2464.png,0
2465,2465.png,1
2466,2466.png,0
2467,2467.png,0
2468,2468.png,0
2469,2469.png,0
2470,2470.png,1
2471,2471.png,0
2472,2472.png,1
2473,2473.png,1
2474,2474.png,0
2475,2475.png,0
2476,2476.png,1
2477,2477.png,1
2478,2478.png,0
2479,2479.png,0
2480,2480.png,1
2481,2481.png,1
2482,2482.png,0
2483,2483.png,1
2484,2484.png,1
2485,2485.png,0
2486,2486.png,1
2487,2487.png,0
2488,2488.png,0
2489,2489.png,0
2490,2490.png,1
2491,2491.png,0
2492,2492.png,0
2493,2493.png,1
2494,2494.png,0
2495,2495.png,0
2496,2496.png,0
2497,2497.png,1
2498,2498.png,1
2499,2499.png,1
2500,2500.png,0
2501,2501.png,1
2502,2502.png,0
2503,2503.png,1
2504,2504.png,1
2505,2505.png,0
2506,2506.png,1
2507,2507.png,0
2508,2508.png,1
2509,2509.png,0
2510,2510.png,1
2511,2511.png,1
2512,2512.png,1
2513,2513.png,1
2514,2514.png,1
2515,2515.png,1
2516,2516.png,1
2517,2517.png,0
2518,2518.png,0
2519,2519.png,0
2520,2520.png,0
2521,2521.png,1
2522,2522.png,0
2523,2523.png,0
2524,2524.png,1
2525,2525.png,1
2526,2526.png,0
2527,2527.png,1
2528,2528.png,0
2529,2529.png,1
2530,2530.png,1
2531,2531.png,0
2532,2532.png,1
2533,2533.png,1
2534,2534.png,1
2535,2535.png,0
2536,2536.png,1
2537,2537.png,0
2538,2538.png,1
2539,2539.png,0
2540,2540.png,0
2541,2541.png,1
2542,2542.png,0
2543,2543.png,1
2544,2544.png,0
2545,2545.png,0
2546,2546.png,1
2547,2547.png,0
2548,2548.png,0
2549,2549.png,0
2550,2550.png,1
2551,2551.png,1
2552,2552.png,1
2553,2553.png,1
2554,2554.png,0
2555,2555.png,0
2556,2556.png,1
2557,2557.png,1
2558,2558.png,1
2559,2559.png,0
2560,2560.png,0
2561,2561.png,0
2562,2562.png,0
2563,2563.png,1
2564,2564.png,1
2565,2565.png,1
2566,2566.png,1
2567,2567.png,1
2568,2568.png,0
2569,2569.png,1
2570,2570.png,1
2571,2571.png,0
2572,2572.png,0
2573,2573.png,0
2574,2574.png,0
2575,2575.png,1
2576,2576.png,1
2577,2577.png,0
2578,2578.png,1
2579,2579.png,1
2580,2580.png,1
2581,2581.png,0
2582,2582.png,0
2583,2583.png,1
2584,2584.png,0
2585,2585.png,0
2586,2586.png,0
2587,2587.png,0
2588,2588.png,1
2589,2589.png,0
2590,2590.png,1
2591,2591.png,0
2592,2592.png,0
2593,2593.png,0
2594,2594.png,1
2595,2595.png,1
2596,2596.png,1
2597,2597.png,0
2598,2598.png,1
2599,2599.png,0
2600,2600.png,0
2601,2601.png,1
2602,2602.png,0
2603,2603.png,1
2604,2604.png,0
2605,2605.png,1
2606,2606.png,1
2607,2607.png,0
2608,2608.png,1
2609,2609.png,1
2610,2610.png,1
2611,2611.png,1
2612,2612.png,1
2613,2613.png,1
2614,2614.png,1
2615,2615.png,0
2616,2616.png,0
2617,2617.png,1
2618,2618.png,1
2619,2619.png,0
2620,2620.png,0
2621,2621.png,1
2622,2622.png,0
2623,2623.png,1
2624,2624.png,1
2625,2625.png,0
2626,2626.png,1
2627,2627.png,0
2628,2628.png,0
2629,2629.png,0
2630,2630.png,1
2631,2631.png,0
2632,2632.png,1
2633,2633.png,0
2634,2634.png,0
2635,2635.png,1
2636,2636.png,0
2637,2637.png,0
2638,2638.png,1
2639,2639.png,0
2640,2640.png,1
2641,2641.png,1
2642,2642.png,1
2643,2643.png,0
2644,2644.png,0
2645,2645.png,1
2646,2646.png,1
2647,2647.png,1
2648,2648.png,1
2649,2649.png,0
2650,2650.png,0
2651,2651.png,1
2652,2652.png,1
2653,2653.png,1
2654,2654.png,1
2655,2655.png,0
2656,2656.png,1
2657,2657.png,0
2658,2658.png,1
2659,2659.png,1
2660,2660.png,1
2661,2661.png,0
2662,2662.png,1
2663,2663.png,1
2664,2664.png,1
2665,2665.png,1
2666,2666.png,0
2667,2667.png,0
2668,2668.png,1
2669,2669.png,0
2670,2670.png,1
2671,2671.png,0
2672,2672.png,1
2673,2673.png,1
2674,2674.png,1
2675,2675.png,1
2676,2676.png,1
2677,2677.png,1
2678,2678.png,1
2679,2679.png,1
